submission,AP,AUC,TTA_s,STTA_s,TTA_f,STTA_f
constant_0.51,0.5,0.5,19.085586910244757,19.085586910244757,574.2586666666666,574.2586666666666
constant_0.99,0.5,0.5,19.085586910244757,19.085586910244757,574.2586666666666,574.2586666666666
never_crosses_0.49,0.5,0.5,0.0,0.0,0.0,0.0
ramp_0_to_1,0.5,0.5,0.37595664970663073,0.37595664970663073,11.292,11.292
cross_then_drop,0.5,0.5,19.085586910244757,0.009185185185185185,574.2586666666666,0.2786666666666667
cross_then_dip,0.5,0.5,19.085586910244757,13.100552182799836,574.2586666666666,394.18533333333335
step_at_0s,0.5,0.5,19.085586910244757,19.085586910244757,574.2586666666666,574.2586666666666
step_at_1s,0.5,0.5,18.084185134639043,18.084185134639043,544.128,544.128
step_at_2s,0.5,0.5,17.086070083849762,17.086070083849762,514.0986666666666,514.0986666666666
step_at_5s,0.5,0.5,14.089614518366313,14.089614518366313,423.94266666666664,423.94266666666664
step_at_10s,0.5,0.5,9.134401725059574,9.134401725059574,274.852,274.852
step_at_15s,0.5,0.5,4.539726007694747,4.539726007694747,136.58133333333333,136.58133333333333
step_at_20s,0.5155056179775281,0.53,0.3668236155100485,0.3668236155100485,11.021333333333333,11.021333333333333
step_at_25s,0.5155056179775281,0.53,0.09222222222222223,0.09222222222222223,2.7666666666666666,2.7666666666666666
step_at_30s,0.5151504247876062,0.5293333333333333,0.0704,0.0704,2.112,2.112
step_at_0pct,0.5,0.5,19.085586910244757,19.085586910244757,574.2586666666666,574.2586666666666
step_at_25pct,0.5,0.5,9.50353693795302,9.50353693795302,285.93066666666664,285.93066666666664
step_at_50pct,0.5,0.5,0.37874637197878314,0.37874637197878314,11.376,11.376
step_at_75pct,0.5,0.5,0.02977777777777778,0.02977777777777778,0.8933333333333333,0.8933333333333333
