clip_id,video,label,onset_frame,alert_frame,start_frame,end_frame,fps
01924,01924.mp4,0,,,788,938,30.0
00822,00822.mp4,1,135,109,450,600,30.0
01429,01429.mp4,0,,,861,1011,30.0
00208,00208.mp4,1,135,118,459,609,30.0
01904,01904.mp4,0,,,82,232,30.0
00072,00072.mp4,1,135,134,478,628,30.5
01486,01486.mp4,0,,,265,415,30.2
01171,01171.mp4,0,,,261,411,30.0
00128,00128.mp4,1,135,107,443,593,30.0
01518,01518.mp4,0,,,995,1145,30.0
00205,00205.mp4,1,135,45,510,660,30.5
01889,01889.mp4,0,,,829,979,30.6
01286,01286.mp4,0,,,401,551,30.0
00408,00408.mp4,1,135,63,462,612,29.9
00948,00948.mp4,1,135,103,472,622,29.9
00457,00457.mp4,1,135,128,453,603,30.0
01267,01267.mp4,0,,,155,305,30.0
01802,01802.mp4,0,,,488,638,30.5
01755,01755.mp4,0,,,733,883,30.6
00471,00471.mp4,1,135,88,460,610,30.0
02134,02134.mp4,0,,,597,747,27.1
00900,00900.mp4,1,135,36,511,661,30.5
00841,00841.mp4,1,135,50,435,585,30.0
00333,00333.mp4,1,135,55,455,605,30.0
00564,00564.mp4,1,135,53,452,602,29.0
00245,00245.mp4,1,135,103,469,619,30.0
00171,00171.mp4,1,135,38,167,317,30.0
01076,01076.mp4,0,,,447,597,30.0
00795,00795.mp4,1,135,6,499,649,30.6
00372,00372.mp4,1,135,72,464,614,30.0
00938,00938.mp4,1,135,129,178,328,30.0
01749,01749.mp4,0,,,258,408,30.0
00884,00884.mp4,1,135,84,532,682,30.5
00641,00641.mp4,1,135,42,160,310,30.0
00010,00010.mp4,1,135,64,492,642,30.0
01816,01816.mp4,0,,,285,435,30.0
01052,01052.mp4,0,,,577,727,30.0
01205,01205.mp4,0,,,286,436,30.0
00927,00927.mp4,1,135,26,466,616,30.0
00378,00378.mp4,1,135,58,414,564,30.0
01579,01579.mp4,0,,,194,344,30.6
01973,01973.mp4,0,,,513,663,30.0
00238,00238.mp4,1,135,50,475,625,30.0
01050,01050.mp4,0,,,300,450,30.0
01204,01204.mp4,0,,,158,308,30.0
00313,00313.mp4,1,135,107,466,616,30.5
00876,00876.mp4,1,135,90,483,633,30.6
00098,00098.mp4,1,135,65,450,600,30.6
01505,01505.mp4,0,,,50,200,30.0
01699,01699.mp4,0,,,747,897,30.0
01972,01972.mp4,0,,,75,225,30.0
00516,00516.mp4,1,135,106,483,633,30.0
00357,00357.mp4,1,135,82,461,611,30.6
00903,00903.mp4,1,135,48,466,616,29.9
00880,00880.mp4,1,135,108,447,597,30.0
02083,02083.mp4,0,,,676,826,30.5
00558,00558.mp4,1,135,64,483,633,30.5
01162,01162.mp4,0,,,241,391,30.0
01438,01438.mp4,0,,,206,356,30.6
01457,01457.mp4,0,,,724,874,30.6
00291,00291.mp4,1,135,61,405,555,30.6
01342,01342.mp4,0,,,889,1039,30.6
01236,01236.mp4,0,,,647,797,30.6
00977,00977.mp4,1,135,110,455,605,30.0
00100,00100.mp4,1,135,98,419,569,30.0
01303,01303.mp4,0,,,418,568,30.6
01250,01250.mp4,0,,,976,1126,30.6
01291,01291.mp4,0,,,453,603,29.2
00765,00765.mp4,1,135,104,454,604,30.5
02013,02013.mp4,0,,,1067,1217,30.0
01022,01022.mp4,1,135,90,405,555,30.0
00042,00042.mp4,1,135,83,461,611,30.6
01906,01906.mp4,0,,,266,416,25.6
00286,00286.mp4,1,135,66,465,615,30.6
01653,01653.mp4,0,,,127,277,30.0
00858,00858.mp4,1,135,33,466,616,30.0
01405,01405.mp4,0,,,412,562,30.0
00629,00629.mp4,1,135,74,178,328,30.0
00145,00145.mp4,1,135,70,387,537,30.0
01033,01033.mp4,1,135,82,483,633,30.6
00292,00292.mp4,1,135,97,489,639,30.0
01783,01783.mp4,0,,,28,178,30.6
00611,00611.mp4,1,135,51,454,604,30.0
01419,01419.mp4,0,,,95,245,30.0
01016,01016.mp4,1,135,104,471,621,30.6
01276,01276.mp4,0,,,816,966,30.5
01352,01352.mp4,0,,,2,152,30.0
00336,00336.mp4,1,120,94,0,150,30.6
00168,00168.mp4,1,135,96,439,589,30.0
00600,00600.mp4,1,135,31,447,597,30.0
01425,01425.mp4,0,,,1010,1160,30.0
01797,01797.mp4,0,,,847,997,30.0
01829,01829.mp4,0,,,682,832,30.0
01075,01075.mp4,0,,,499,649,30.0
00473,00473.mp4,1,135,61,497,647,30.0
01869,01869.mp4,0,,,666,816,30.5
01551,01551.mp4,0,,,128,278,30.5
00515,00515.mp4,1,135,74,462,612,30.0
00058,00058.mp4,1,135,102,451,601,30.6
00348,00348.mp4,1,135,85,462,612,30.5
00487,00487.mp4,1,135,108,494,644,30.0
01197,01197.mp4,0,,,391,541,30.0
00335,00335.mp4,1,135,87,467,617,29.9
00029,00029.mp4,1,135,110,463,613,30.0
00960,00960.mp4,1,135,94,454,604,30.6
01468,01468.mp4,0,,,454,604,30.6
00980,00980.mp4,1,135,105,455,605,30.0
00148,00148.mp4,1,135,77,442,592,30.0
00301,00301.mp4,1,135,108,464,614,29.9
00702,00702.mp4,1,135,40,500,650,30.6
02067,02067.mp4,0,,,488,638,30.6
01305,01305.mp4,0,,,822,972,30.0
02026,02026.mp4,0,,,291,441,30.5
00819,00819.mp4,1,135,13,449,599,29.9
00459,00459.mp4,1,135,119,181,331,30.0
00529,00529.mp4,1,135,99,469,619,30.5
02001,02001.mp4,0,,,917,1067,30.0
01416,01416.mp4,0,,,46,196,30.0
00425,00425.mp4,1,135,93,440,590,29.9
01719,01719.mp4,0,,,164,314,30.5
01103,01103.mp4,0,,,655,805,30.0
00006,00006.mp4,1,135,72,442,592,30.0
01717,01717.mp4,0,,,1040,1190,30.6
01943,01943.mp4,0,,,1002,1152,30.0
01624,01624.mp4,0,,,223,373,30.6
01523,01523.mp4,0,,,617,767,30.0
01322,01322.mp4,0,,,596,746,29.9
00617,00617.mp4,1,135,98,467,617,30.6
01714,01714.mp4,0,,,255,405,30.0
02063,02063.mp4,0,,,560,710,29.3
01728,01728.mp4,0,,,681,831,29.9
02014,02014.mp4,0,,,416,566,30.6
00705,00705.mp4,1,135,74,534,684,30.6
00083,00083.mp4,1,135,66,186,336,30.0
01261,01261.mp4,0,,,589,739,30.0
01932,01932.mp4,0,,,911,1061,30.0
00032,00032.mp4,1,135,126,451,601,30.0
02084,02084.mp4,0,,,187,337,30.0
01041,01041.mp4,0,,,788,938,30.0
02011,02011.mp4,0,,,324,474,29.2
00861,00861.mp4,1,135,89,492,642,30.0
00723,00723.mp4,1,135,89,473,623,30.0
01791,01791.mp4,0,,,495,645,29.9
00851,00851.mp4,1,135,108,461,611,29.9
01193,01193.mp4,0,,,148,298,30.0
01609,01609.mp4,0,,,376,526,30.0
02049,02049.mp4,0,,,193,343,23.6
01190,01190.mp4,0,,,382,532,30.6
01698,01698.mp4,0,,,67,217,30.0
02000,02000.mp4,0,,,532,682,30.0
00370,00370.mp4,1,135,112,533,683,30.0
01607,01607.mp4,0,,,975,1125,30.0
00355,00355.mp4,1,135,111,423,573,30.0
00375,00375.mp4,1,135,95,406,556,30.6
01801,01801.mp4,0,,,35,185,30.0
01800,01800.mp4,0,,,183,333,29.8
01341,01341.mp4,0,,,266,416,30.6
01268,01268.mp4,0,,,306,456,30.0
00437,00437.mp4,1,135,100,470,620,30.0
01496,01496.mp4,0,,,79,229,30.0
01394,01394.mp4,0,,,41,191,30.0
00477,00477.mp4,1,135,100,465,615,30.0
00077,00077.mp4,1,135,66,458,608,29.7
00068,00068.mp4,1,135,40,462,612,30.0
00986,00986.mp4,1,135,123,481,631,30.0
00587,00587.mp4,1,135,99,487,637,30.0
01138,01138.mp4,0,,,801,951,30.0
01037,01037.mp4,1,135,61,479,629,29.9
00109,00109.mp4,1,135,16,469,619,30.0
01942,01942.mp4,0,,,564,714,29.7
00498,00498.mp4,1,135,95,378,528,26.4
00312,00312.mp4,1,135,73,530,680,30.5
01292,01292.mp4,0,,,482,632,30.0
02139,02139.mp4,0,,,440,590,30.0
01600,01600.mp4,0,,,858,1008,29.9
01313,01313.mp4,0,,,563,713,30.0
00673,00673.mp4,1,135,80,440,590,30.0
01988,01988.mp4,0,,,922,1072,30.6
01679,01679.mp4,0,,,1008,1158,30.0
01135,01135.mp4,0,,,731,881,30.0
00440,00440.mp4,1,135,94,433,583,30.0
01321,01321.mp4,0,,,168,318,30.0
02052,02052.mp4,0,,,664,814,30.0
00614,00614.mp4,1,135,62,517,667,30.0
01817,01817.mp4,0,,,236,386,30.6
01219,01219.mp4,0,,,996,1146,30.0
00963,00963.mp4,1,135,86,478,628,29.9
02121,02121.mp4,0,,,686,836,30.0
00450,00450.mp4,1,135,94,486,636,30.6
00435,00435.mp4,1,135,99,486,636,30.0
00201,00201.mp4,1,135,124,417,567,30.0
01798,01798.mp4,0,,,389,539,30.0
00441,00441.mp4,1,135,46,138,288,30.0
00300,00300.mp4,1,135,87,167,317,30.0
00847,00847.mp4,1,135,17,467,617,30.6
00901,00901.mp4,1,135,97,433,583,30.0
01601,01601.mp4,0,,,497,647,30.0
00651,00651.mp4,1,135,94,453,603,29.9
01657,01657.mp4,0,,,33,183,30.6
01289,01289.mp4,0,,,749,899,29.3
00056,00056.mp4,1,135,120,447,597,30.0
01953,01953.mp4,0,,,555,705,29.9
00604,00604.mp4,1,135,99,461,611,30.1
01647,01647.mp4,0,,,239,389,30.6
01084,01084.mp4,0,,,451,601,30.0
00164,00164.mp4,1,135,101,172,322,30.0
00423,00423.mp4,1,135,134,438,588,30.0
00410,00410.mp4,1,135,110,492,642,30.0
00998,00998.mp4,1,135,109,451,601,29.2
01928,01928.mp4,0,,,761,911,29.3
00190,00190.mp4,1,135,45,431,581,30.0
00223,00223.mp4,1,135,106,474,624,30.0
01444,01444.mp4,0,,,349,499,29.7
00284,00284.mp4,1,135,100,471,621,30.6
00373,00373.mp4,1,135,91,507,657,31.0
01570,01570.mp4,0,,,681,831,30.0
01578,01578.mp4,0,,,218,368,30.0
01631,01631.mp4,0,,,835,985,30.0
00260,00260.mp4,1,135,74,482,632,30.0
00037,00037.mp4,1,135,108,481,631,30.0
00340,00340.mp4,1,135,68,424,574,31.0
01765,01765.mp4,0,,,127,277,29.2
01812,01812.mp4,0,,,206,356,30.5
01893,01893.mp4,0,,,299,449,30.0
00890,00890.mp4,1,135,53,438,588,29.9
00371,00371.mp4,1,135,112,478,628,30.5
01726,01726.mp4,0,,,448,598,29.9
00434,00434.mp4,1,135,92,151,301,30.0
01526,01526.mp4,0,,,92,242,29.9
00206,00206.mp4,1,135,37,487,637,30.0
00665,00665.mp4,1,135,82,471,621,30.5
01187,01187.mp4,0,,,151,301,29.6
00401,00401.mp4,1,135,114,521,671,30.0
00885,00885.mp4,1,135,68,491,641,30.6
01596,01596.mp4,0,,,54,204,30.0
01278,01278.mp4,0,,,254,404,30.0
02089,02089.mp4,0,,,386,536,30.0
01708,01708.mp4,0,,,245,395,30.5
01465,01465.mp4,0,,,801,951,30.0
00985,00985.mp4,1,135,78,635,785,30.0
01544,01544.mp4,0,,,187,337,30.6
00635,00635.mp4,1,135,125,470,620,30.0
00099,00099.mp4,1,135,103,384,534,30.5
01761,01761.mp4,0,,,189,339,30.0
00123,00123.mp4,1,135,95,449,599,30.0
01070,01070.mp4,0,,,853,1003,28.9
00771,00771.mp4,1,135,90,459,609,30.6
00455,00455.mp4,1,135,93,436,586,30.6
01414,01414.mp4,0,,,237,387,30.0
00677,00677.mp4,1,135,101,468,618,30.0
00810,00810.mp4,1,135,68,490,640,30.6
00181,00181.mp4,1,135,73,460,610,29.7
00547,00547.mp4,1,135,70,464,614,30.0
02039,02039.mp4,0,,,74,224,29.8
02046,02046.mp4,0,,,44,194,29.9
00695,00695.mp4,1,135,42,488,638,30.0
00079,00079.mp4,1,135,105,474,624,30.0
00334,00334.mp4,1,135,115,437,587,30.0
01671,01671.mp4,0,,,398,548,30.0
00751,00751.mp4,1,135,98,475,625,30.0
00430,00430.mp4,1,135,109,443,593,29.8
01255,01255.mp4,0,,,189,339,29.4
00461,00461.mp4,1,135,72,168,318,30.0
00940,00940.mp4,1,135,90,476,626,30.6
00381,00381.mp4,1,135,106,414,564,29.9
01963,01963.mp4,0,,,253,403,30.0
00460,00460.mp4,1,135,85,476,626,30.5
00090,00090.mp4,1,135,107,443,593,30.0
00645,00645.mp4,1,135,76,490,640,30.0
00132,00132.mp4,1,135,108,470,620,30.0
01484,01484.mp4,0,,,490,640,29.2
01036,01036.mp4,1,135,67,516,666,29.9
00605,00605.mp4,1,135,91,459,609,30.6
01724,01724.mp4,0,,,215,365,30.0
01824,01824.mp4,0,,,125,275,30.6
01849,01849.mp4,0,,,46,196,30.0
01538,01538.mp4,0,,,871,1021,30.5
00040,00040.mp4,1,135,104,418,568,30.0
01420,01420.mp4,0,,,635,785,30.0
00719,00719.mp4,1,135,41,492,642,30.0
00813,00813.mp4,1,135,67,486,636,30.0
01256,01256.mp4,0,,,51,201,30.0
00295,00295.mp4,1,135,106,439,589,30.0
00773,00773.mp4,1,135,101,468,618,30.0
00656,00656.mp4,1,135,94,483,633,30.0
01649,01649.mp4,0,,,532,682,30.0
00589,00589.mp4,1,135,109,453,603,29.9
01839,01839.mp4,0,,,143,293,29.1
00588,00588.mp4,1,135,81,444,594,30.0
00540,00540.mp4,1,135,117,500,650,30.6
01122,01122.mp4,0,,,452,602,30.0
01737,01737.mp4,0,,,147,297,30.6
01390,01390.mp4,0,,,616,766,30.6
01249,01249.mp4,0,,,717,867,30.0
01368,01368.mp4,0,,,223,373,30.0
01871,01871.mp4,0,,,369,519,30.0
01687,01687.mp4,0,,,125,275,30.0
01294,01294.mp4,0,,,1031,1181,30.5
01987,01987.mp4,0,,,239,389,30.0
00557,00557.mp4,1,135,93,481,631,30.0
00704,00704.mp4,1,135,107,413,563,29.8
01996,01996.mp4,0,,,20,170,30.0
00563,00563.mp4,1,135,73,441,591,29.7
01588,01588.mp4,0,,,206,356,30.0
01000,01000.mp4,1,135,111,414,564,30.6
00949,00949.mp4,1,135,53,482,632,30.6
01752,01752.mp4,0,,,801,951,30.6
00179,00179.mp4,1,135,104,465,615,30.0
00591,00591.mp4,1,135,106,461,611,29.5
02016,02016.mp4,0,,,408,558,30.0
00755,00755.mp4,1,135,111,436,586,30.0
00932,00932.mp4,1,135,12,466,616,30.0
00021,00021.mp4,1,135,97,466,616,30.0
01437,01437.mp4,0,,,532,682,30.0
00727,00727.mp4,1,135,66,513,663,30.0
00263,00263.mp4,1,135,113,467,617,30.0
00921,00921.mp4,1,135,83,479,629,29.9
00833,00833.mp4,1,135,97,150,300,30.0
00066,00066.mp4,1,135,108,514,664,29.9
01723,01723.mp4,0,,,183,333,30.0
01281,01281.mp4,0,,,963,1113,29.9
00431,00431.mp4,1,135,94,518,668,30.0
00152,00152.mp4,1,135,90,480,630,30.6
01696,01696.mp4,0,,,346,496,30.6
00577,00577.mp4,1,135,96,538,688,30.5
01950,01950.mp4,0,,,416,566,30.0
01426,01426.mp4,0,,,118,268,30.0
00845,00845.mp4,1,135,96,507,657,30.0
01912,01912.mp4,0,,,346,496,30.0
00776,00776.mp4,1,135,87,414,564,27.7
01767,01767.mp4,0,,,324,474,29.9
01793,01793.mp4,0,,,331,481,29.9
00520,00520.mp4,1,135,89,518,668,30.6
01224,01224.mp4,0,,,701,851,30.0
02040,02040.mp4,0,,,513,663,30.0
00761,00761.mp4,1,135,100,429,579,30.0
00590,00590.mp4,1,135,83,487,637,30.6
01713,01713.mp4,0,,,240,390,30.0
02118,02118.mp4,0,,,905,1055,30.6
01640,01640.mp4,0,,,358,508,30.0
00802,00802.mp4,1,135,104,518,668,30.6
00666,00666.mp4,1,135,89,514,664,30.0
00791,00791.mp4,1,135,101,459,609,30.0
01112,01112.mp4,0,,,27,177,30.5
00699,00699.mp4,1,135,95,435,585,30.0
00868,00868.mp4,1,135,87,431,581,29.8
00005,00005.mp4,1,135,133,504,654,30.6
00004,00004.mp4,1,135,129,446,596,30.0
00877,00877.mp4,1,135,88,470,620,30.0
00319,00319.mp4,1,135,119,467,617,30.0
02105,02105.mp4,0,,,482,632,30.6
01159,01159.mp4,0,,,839,989,30.0
01994,01994.mp4,0,,,291,441,30.0
01324,01324.mp4,0,,,260,410,30.0
01887,01887.mp4,0,,,637,787,30.0
00668,00668.mp4,1,135,89,458,608,30.0
01167,01167.mp4,0,,,731,881,30.1
00209,00209.mp4,1,135,95,421,571,30.0
00111,00111.mp4,1,135,87,458,608,30.0
00202,00202.mp4,1,135,91,454,604,30.0
02133,02133.mp4,0,,,795,945,30.0
00506,00506.mp4,1,135,93,457,607,30.6
00354,00354.mp4,1,135,83,461,611,30.0
01383,01383.mp4,0,,,336,486,30.0
00730,00730.mp4,1,135,98,433,583,29.0
00731,00731.mp4,1,135,103,478,628,30.0
02071,02071.mp4,0,,,513,663,30.6
01870,01870.mp4,0,,,314,464,30.0
02055,02055.mp4,0,,,25,175,30.6
02130,02130.mp4,0,,,937,1087,30.0
00961,00961.mp4,1,135,103,453,603,30.0
01090,01090.mp4,0,,,161,311,30.0
01299,01299.mp4,0,,,687,837,30.0
01404,01404.mp4,0,,,93,243,30.6
01574,01574.mp4,0,,,575,725,30.0
00601,00601.mp4,1,135,96,421,571,30.0
00255,00255.mp4,1,135,112,487,637,30.0
01395,01395.mp4,0,,,276,426,30.5
00031,00031.mp4,1,135,94,438,588,30.0
00683,00683.mp4,1,135,91,505,655,30.6
00936,00936.mp4,1,135,89,440,590,30.0
00598,00598.mp4,1,135,104,441,591,30.0
00343,00343.mp4,1,135,40,439,589,30.5
00318,00318.mp4,1,135,104,454,604,29.3
00671,00671.mp4,1,135,61,170,320,30.0
01681,01681.mp4,0,,,491,641,30.0
01108,01108.mp4,0,,,780,930,30.0
01811,01811.mp4,0,,,986,1136,30.0
00175,00175.mp4,1,135,99,435,585,29.9
01693,01693.mp4,0,,,180,330,30.0
01627,01627.mp4,0,,,589,739,30.6
00955,00955.mp4,1,135,56,451,601,30.0
00834,00834.mp4,1,135,74,463,613,30.5
01098,01098.mp4,0,,,344,494,30.0
00603,00603.mp4,1,135,105,441,591,30.6
00240,00240.mp4,1,135,107,461,611,30.6
01448,01448.mp4,0,,,183,333,30.0
01865,01865.mp4,0,,,271,421,29.9
00388,00388.mp4,1,135,84,424,574,30.5
00843,00843.mp4,1,135,102,433,583,29.4
00887,00887.mp4,1,135,111,464,614,30.0
01019,01019.mp4,1,135,84,434,584,30.0
01374,01374.mp4,0,,,635,785,30.0
01539,01539.mp4,0,,,794,944,30.0
00722,00722.mp4,1,135,37,481,631,30.0
00904,00904.mp4,1,135,114,453,603,30.6
01541,01541.mp4,0,,,848,998,30.0
00785,00785.mp4,1,135,93,463,613,30.0
00014,00014.mp4,1,135,115,437,587,30.0
00593,00593.mp4,1,135,85,445,595,30.0
00869,00869.mp4,1,135,88,460,610,30.0
00015,00015.mp4,1,135,74,456,606,30.0
02115,02115.mp4,0,,,165,315,30.6
01969,01969.mp4,0,,,3,153,30.0
00621,00621.mp4,1,135,28,636,786,30.0
00049,00049.mp4,1,135,101,445,595,29.9
01003,01003.mp4,1,135,57,493,643,30.6
01810,01810.mp4,0,,,393,543,29.9
01242,01242.mp4,0,,,684,834,30.0
01983,01983.mp4,0,,,327,477,30.0
01100,01100.mp4,0,,,490,640,29.9
00167,00167.mp4,1,135,82,465,615,30.0
00669,00669.mp4,1,135,71,482,632,30.5
00117,00117.mp4,1,135,130,439,589,30.0
00690,00690.mp4,1,135,12,499,649,30.0
01900,01900.mp4,0,,,456,606,29.6
00494,00494.mp4,1,135,106,471,621,30.6
00857,00857.mp4,1,135,65,504,654,30.6
01603,01603.mp4,0,,,917,1067,30.0
00599,00599.mp4,1,135,91,494,644,30.0
01740,01740.mp4,0,,,775,925,30.6
00235,00235.mp4,1,135,77,140,290,30.0
01517,01517.mp4,0,,,848,998,30.0
00369,00369.mp4,1,135,61,470,620,30.0
00057,00057.mp4,1,135,99,475,625,30.0
02033,02033.mp4,0,,,32,182,23.9
00071,00071.mp4,1,135,108,460,610,30.0
01339,01339.mp4,0,,,411,561,29.1
00026,00026.mp4,1,135,51,159,309,30.0
01298,01298.mp4,0,,,856,1006,30.5
01259,01259.mp4,0,,,95,245,30.0
01629,01629.mp4,0,,,339,489,29.9
02069,02069.mp4,0,,,912,1062,30.0
00729,00729.mp4,1,135,96,450,600,30.6
01441,01441.mp4,0,,,130,280,30.0
02114,02114.mp4,0,,,530,680,30.0
01908,01908.mp4,0,,,322,472,30.6
02095,02095.mp4,0,,,914,1064,30.6
01896,01896.mp4,0,,,997,1147,30.0
02075,02075.mp4,0,,,574,724,30.0
00897,00897.mp4,1,135,44,456,606,30.0
00856,00856.mp4,1,135,64,160,310,30.0
01823,01823.mp4,0,,,0,150,30.6
01413,01413.mp4,0,,,79,229,30.0
00607,00607.mp4,1,135,12,416,566,29.3
00947,00947.mp4,1,135,100,457,607,30.0
00902,00902.mp4,1,135,88,476,626,30.0
01669,01669.mp4,0,,,253,403,30.0
00622,00622.mp4,1,135,97,190,340,30.0
00854,00854.mp4,1,135,100,446,596,29.9
01364,01364.mp4,0,,,667,817,30.0
00643,00643.mp4,1,135,91,478,628,29.9
01558,01558.mp4,0,,,159,309,30.0
00013,00013.mp4,1,135,76,482,632,30.0
00562,00562.mp4,1,135,84,484,634,30.0
01235,01235.mp4,0,,,956,1106,30.0
01874,01874.mp4,0,,,25,175,30.0
00976,00976.mp4,1,135,89,460,610,29.9
01754,01754.mp4,0,,,850,1000,30.0
01461,01461.mp4,0,,,385,535,30.0
00298,00298.mp4,1,135,87,497,647,30.6
01710,01710.mp4,0,,,170,320,30.0
01577,01577.mp4,0,,,267,417,29.9
01081,01081.mp4,0,,,30,180,30.0
01326,01326.mp4,0,,,822,972,30.6
01136,01136.mp4,0,,,694,844,29.2
01954,01954.mp4,0,,,427,577,28.4
01218,01218.mp4,0,,,647,797,30.0
01013,01013.mp4,1,135,121,444,594,30.0
00881,00881.mp4,1,135,124,392,542,30.6
00131,00131.mp4,1,135,106,472,622,31.0
00469,00469.mp4,1,135,106,392,542,28.5
01115,01115.mp4,0,,,6,156,30.5
00214,00214.mp4,1,135,110,512,662,30.6
01114,01114.mp4,0,,,437,587,30.6
00831,00831.mp4,1,135,108,422,572,30.5
01842,01842.mp4,0,,,14,164,29.0
02041,02041.mp4,0,,,4,154,30.6
00173,00173.mp4,1,135,49,143,293,30.0
01605,01605.mp4,0,,,200,350,30.0
01495,01495.mp4,0,,,390,540,29.9
00124,00124.mp4,1,135,113,487,637,30.0
01557,01557.mp4,0,,,243,393,30.0
00543,00543.mp4,1,135,89,461,611,30.0
00108,00108.mp4,1,135,103,444,594,30.0
00777,00777.mp4,1,135,57,476,626,29.8
01234,01234.mp4,0,,,622,772,29.0
01035,01035.mp4,1,135,45,486,636,30.6
01097,01097.mp4,0,,,406,556,29.9
00882,00882.mp4,1,135,58,443,593,29.9
01092,01092.mp4,0,,,619,769,30.0
01583,01583.mp4,0,,,573,723,30.0
00745,00745.mp4,1,135,108,460,610,30.0
01049,01049.mp4,0,,,373,523,30.6
01074,01074.mp4,0,,,205,355,30.0
01611,01611.mp4,0,,,243,393,30.0
01638,01638.mp4,0,,,812,962,30.0
01393,01393.mp4,0,,,166,316,30.0
01564,01564.mp4,0,,,11,161,30.0
00664,00664.mp4,1,135,93,490,640,30.0
00216,00216.mp4,1,135,90,413,563,30.0
01372,01372.mp4,0,,,140,290,30.0
01493,01493.mp4,0,,,927,1077,29.9
00158,00158.mp4,1,135,71,551,701,30.0
00889,00889.mp4,1,135,53,520,670,30.0
01069,01069.mp4,0,,,59,209,30.0
02079,02079.mp4,0,,,525,675,30.0
01722,01722.mp4,0,,,68,218,30.0
00151,00151.mp4,1,135,73,473,623,29.9
00586,00586.mp4,1,135,63,450,600,29.0
01848,01848.mp4,0,,,710,860,30.0
01756,01756.mp4,0,,,117,267,30.0
00189,00189.mp4,1,135,68,473,623,29.9
01279,01279.mp4,0,,,316,466,30.0
00155,00155.mp4,1,135,77,453,603,30.6
00694,00694.mp4,1,135,69,429,579,30.0
00638,00638.mp4,1,135,44,403,553,30.6
00891,00891.mp4,1,135,89,442,592,30.0
01521,01521.mp4,0,,,570,720,30.0
00226,00226.mp4,1,135,102,448,598,30.0
00965,00965.mp4,1,135,131,514,664,30.6
00667,00667.mp4,1,135,106,406,556,30.0
00991,00991.mp4,1,135,107,444,594,30.0
01890,01890.mp4,0,,,38,188,30.0
02004,02004.mp4,0,,,86,236,30.0
01323,01323.mp4,0,,,83,233,30.6
01377,01377.mp4,0,,,210,360,28.9
00538,00538.mp4,1,135,100,461,611,30.0
00330,00330.mp4,1,135,109,478,628,30.0
00763,00763.mp4,1,135,85,444,594,30.0
01400,01400.mp4,0,,,531,681,29.8
00105,00105.mp4,1,135,110,468,618,30.0
02006,02006.mp4,0,,,644,794,30.6
01011,01011.mp4,1,135,77,469,619,30.4
00320,00320.mp4,1,135,79,483,633,30.0
02042,02042.mp4,0,,,751,901,29.1
00141,00141.mp4,1,135,111,496,646,30.6
00783,00783.mp4,1,135,107,516,666,30.6
01858,01858.mp4,0,,,86,236,30.0
00630,00630.mp4,1,135,18,475,625,30.6
00709,00709.mp4,1,135,89,475,625,30.0
01781,01781.mp4,0,,,1012,1162,30.0
02031,02031.mp4,0,,,939,1089,30.0
01546,01546.mp4,0,,,891,1041,30.6
01528,01528.mp4,0,,,381,531,30.0
01343,01343.mp4,0,,,892,1042,27.3
00931,00931.mp4,1,135,74,454,604,30.0
00682,00682.mp4,1,135,100,456,606,30.0
00184,00184.mp4,1,135,131,514,664,30.0
01386,01386.mp4,0,,,365,515,29.8
00580,00580.mp4,1,135,94,492,642,30.0
02070,02070.mp4,0,,,425,575,30.6
00044,00044.mp4,1,135,112,468,618,30.0
01979,01979.mp4,0,,,769,919,30.0
00910,00910.mp4,1,135,89,437,587,30.0
01132,01132.mp4,0,,,601,751,29.6
01176,01176.mp4,0,,,596,746,30.0
01750,01750.mp4,0,,,18,168,30.0
02028,02028.mp4,0,,,283,433,29.9
02003,02003.mp4,0,,,309,459,30.0
00978,00978.mp4,1,135,21,484,634,30.6
01655,01655.mp4,0,,,277,427,30.6
01815,01815.mp4,0,,,682,832,30.6
00225,00225.mp4,1,135,93,497,647,30.0
01121,01121.mp4,0,,,691,841,30.0
01147,01147.mp4,0,,,808,958,26.4
00913,00913.mp4,1,135,78,434,584,30.0
00928,00928.mp4,1,135,80,450,600,30.0
01263,01263.mp4,0,,,752,902,30.0
00639,00639.mp4,1,135,75,462,612,29.9
01415,01415.mp4,0,,,191,341,29.9
01939,01939.mp4,0,,,692,842,30.0
00873,00873.mp4,1,135,78,467,617,30.3
00310,00310.mp4,1,135,109,500,650,30.3
00061,00061.mp4,1,135,72,430,580,30.0
02007,02007.mp4,0,,,73,223,29.9
00995,00995.mp4,1,135,97,466,616,30.0
00937,00937.mp4,1,135,79,470,620,30.0
01536,01536.mp4,0,,,84,234,30.0
01975,01975.mp4,0,,,552,702,30.0
01222,01222.mp4,0,,,167,317,24.1
00528,00528.mp4,1,135,95,1569,1719,30.0
01211,01211.mp4,0,,,306,456,30.0
00943,00943.mp4,1,135,92,344,494,30.5
01599,01599.mp4,0,,,592,742,30.0
01230,01230.mp4,0,,,369,519,30.0
01566,01566.mp4,0,,,808,958,30.0
01361,01361.mp4,0,,,280,430,30.0
00618,00618.mp4,1,135,96,470,620,30.0
02111,02111.mp4,0,,,265,415,30.6
00493,00493.mp4,1,135,75,448,598,30.0
00602,00602.mp4,1,135,48,433,583,30.0
00149,00149.mp4,1,135,63,508,658,30.0
00324,00324.mp4,1,135,108,467,617,30.0
00688,00688.mp4,1,135,40,454,604,30.5
00237,00237.mp4,1,135,12,443,593,30.0
00064,00064.mp4,1,135,117,110,260,30.0
00488,00488.mp4,1,135,22,573,723,30.0
00380,00380.mp4,1,135,121,448,598,30.0
00387,00387.mp4,1,135,84,374,524,30.2
02002,02002.mp4,0,,,150,300,30.0
00657,00657.mp4,1,135,76,204,354,30.0
00144,00144.mp4,1,135,77,472,622,30.0
01529,01529.mp4,0,,,235,385,30.0
00670,00670.mp4,1,135,95,514,664,29.7
00467,00467.mp4,1,135,130,453,603,30.0
01853,01853.mp4,0,,,979,1129,30.0
00289,00289.mp4,1,135,95,480,630,30.0
01172,01172.mp4,0,,,374,524,30.0
02097,02097.mp4,0,,,490,640,30.0
01072,01072.mp4,0,,,98,248,30.0
00697,00697.mp4,1,135,128,433,583,30.0
00967,00967.mp4,1,135,83,146,296,30.0
00110,00110.mp4,1,135,43,438,588,29.9
00019,00019.mp4,1,135,118,474,624,30.6
01272,01272.mp4,0,,,630,780,30.0
00022,00022.mp4,1,135,100,448,598,30.0
00898,00898.mp4,1,135,99,454,604,29.9
00417,00417.mp4,1,135,105,167,317,30.0
00270,00270.mp4,1,135,85,475,625,30.0
00251,00251.mp4,1,135,124,411,561,29.2
00918,00918.mp4,1,135,121,460,610,29.2
01819,01819.mp4,0,,,367,517,30.0
01073,01073.mp4,0,,,145,295,29.7
01806,01806.mp4,0,,,309,459,30.5
00970,00970.mp4,1,135,47,472,622,30.5
01024,01024.mp4,1,135,44,485,635,30.0
01881,01881.mp4,0,,,825,975,30.0
01977,01977.mp4,0,,,672,822,30.0
00143,00143.mp4,1,135,100,477,627,30.5
01191,01191.mp4,0,,,612,762,30.0
00742,00742.mp4,1,135,113,466,616,29.8
01654,01654.mp4,0,,,424,574,30.0
01725,01725.mp4,0,,,222,372,30.0
00016,00016.mp4,1,135,78,454,604,29.8
00036,00036.mp4,1,135,113,532,682,30.1
01678,01678.mp4,0,,,203,353,30.6
01660,01660.mp4,0,,,985,1135,30.0
01913,01913.mp4,0,,,242,392,30.0
01733,01733.mp4,0,,,172,322,30.0
01530,01530.mp4,0,,,703,853,29.9
01439,01439.mp4,0,,,254,404,30.0
00503,00503.mp4,1,135,34,447,597,30.0
01265,01265.mp4,0,,,981,1131,30.0
00084,00084.mp4,1,135,77,488,638,30.6
01533,01533.mp4,0,,,237,387,30.0
00046,00046.mp4,1,135,68,463,613,30.0
00762,00762.mp4,1,135,72,477,627,30.0
01705,01705.mp4,0,,,1019,1169,30.0
00102,00102.mp4,1,135,98,407,557,30.0
01042,01042.mp4,0,,,218,368,30.0
01778,01778.mp4,0,,,77,227,29.9
01423,01423.mp4,0,,,618,768,30.0
02108,02108.mp4,0,,,686,836,30.6
00254,00254.mp4,1,135,95,421,571,30.0
00122,00122.mp4,1,135,112,469,619,29.9
01045,01045.mp4,0,,,318,468,29.5
00376,00376.mp4,1,135,109,477,627,30.6
01031,01031.mp4,1,135,118,154,304,30.0
00411,00411.mp4,1,135,117,384,534,30.0
00405,00405.mp4,1,135,53,464,614,29.9
00166,00166.mp4,1,135,92,469,619,30.5
00642,00642.mp4,1,135,109,432,582,30.3
00707,00707.mp4,1,135,69,494,644,30.3
00308,00308.mp4,1,135,36,471,621,30.6
00135,00135.mp4,1,135,128,444,594,30.0
01604,01604.mp4,0,,,341,491,30.6
01206,01206.mp4,0,,,769,919,30.6
00691,00691.mp4,1,135,103,463,613,30.0
01616,01616.mp4,0,,,825,975,29.2
01487,01487.mp4,0,,,997,1147,29.4
01768,01768.mp4,0,,,178,328,30.0
00085,00085.mp4,1,135,123,434,584,30.0
01388,01388.mp4,0,,,134,284,29.9
00059,00059.mp4,1,135,125,433,583,30.0
00217,00217.mp4,1,135,107,462,612,30.0
01287,01287.mp4,0,,,173,323,30.0
01477,01477.mp4,0,,,405,555,30.6
00644,00644.mp4,1,135,76,505,655,30.6
01951,01951.mp4,0,,,452,602,30.0
00418,00418.mp4,1,135,86,466,616,30.0
00584,00584.mp4,1,135,1,472,622,30.0
02072,02072.mp4,0,,,62,212,28.7
00082,00082.mp4,1,135,53,470,620,30.0
01617,01617.mp4,0,,,788,938,30.0
00823,00823.mp4,1,135,90,957,1107,30.0
01944,01944.mp4,0,,,16,166,30.6
00983,00983.mp4,1,135,24,277,427,29.9
01971,01971.mp4,0,,,200,350,30.6
00754,00754.mp4,1,135,78,471,621,30.0
01165,01165.mp4,0,,,201,351,30.0
00820,00820.mp4,1,135,69,468,618,30.0
00703,00703.mp4,1,135,84,487,637,30.0
01328,01328.mp4,0,,,593,743,30.0
01397,01397.mp4,0,,,918,1068,30.6
00133,00133.mp4,1,135,86,470,620,30.4
00282,00282.mp4,1,135,91,446,596,30.0
01840,01840.mp4,0,,,1000,1150,30.0
00194,00194.mp4,1,135,42,485,635,30.5
01311,01311.mp4,0,,,807,957,30.5
01039,01039.mp4,1,135,114,464,614,30.0
00395,00395.mp4,1,135,122,474,624,30.4
00180,00180.mp4,1,135,106,489,639,30.0
01506,01506.mp4,0,,,444,594,30.0
00909,00909.mp4,1,135,66,502,652,29.9
00769,00769.mp4,1,135,83,478,628,30.0
00594,00594.mp4,1,135,104,453,603,30.5
00784,00784.mp4,1,135,101,420,570,30.0
01195,01195.mp4,0,,,866,1016,30.0
01683,01683.mp4,0,,,171,321,30.0
00827,00827.mp4,1,135,100,474,624,30.0
00828,00828.mp4,1,135,100,470,620,30.0
02019,02019.mp4,0,,,188,338,30.0
01634,01634.mp4,0,,,450,600,30.6
01144,01144.mp4,0,,,534,684,29.7
00570,00570.mp4,1,135,69,458,608,30.0
00715,00715.mp4,1,135,57,435,585,29.1
00195,00195.mp4,1,135,116,463,613,30.0
01807,01807.mp4,0,,,341,491,30.6
01102,01102.mp4,0,,,220,370,30.0
00565,00565.mp4,1,135,103,461,611,30.0
01290,01290.mp4,0,,,393,543,30.6
01058,01058.mp4,0,,,734,884,30.6
00429,00429.mp4,1,135,132,469,619,30.0
01525,01525.mp4,0,,,235,385,30.0
01805,01805.mp4,0,,,32,182,30.0
00496,00496.mp4,1,135,92,453,603,30.6
01563,01563.mp4,0,,,56,206,30.0
01071,01071.mp4,0,,,924,1074,30.0
01606,01606.mp4,0,,,385,535,30.0
01901,01901.mp4,0,,,346,496,30.0
01926,01926.mp4,0,,,413,563,30.6
00968,00968.mp4,1,135,62,512,662,30.0
00331,00331.mp4,1,135,89,460,610,30.5
00661,00661.mp4,1,135,36,477,627,30.0
00063,00063.mp4,1,135,83,451,601,30.0
00546,00546.mp4,1,135,84,473,623,30.0
00078,00078.mp4,1,135,107,433,583,30.0
00735,00735.mp4,1,135,114,471,621,30.0
00269,00269.mp4,1,135,104,470,620,30.6
01656,01656.mp4,0,,,243,393,30.0
00294,00294.mp4,1,135,43,453,603,30.0
00997,00997.mp4,1,135,21,517,667,30.4
01970,01970.mp4,0,,,1018,1168,30.0
00838,00838.mp4,1,135,32,141,291,30.0
00658,00658.mp4,1,135,123,440,590,29.9
00138,00138.mp4,1,135,78,453,603,30.0
00608,00608.mp4,1,135,48,444,594,29.1
00023,00023.mp4,1,135,107,462,612,30.0
01488,01488.mp4,0,,,815,965,30.0
01697,01697.mp4,0,,,525,675,30.6
00224,00224.mp4,1,135,83,446,596,30.0
01741,01741.mp4,0,,,106,256,30.0
00160,00160.mp4,1,135,67,460,610,30.0
01910,01910.mp4,0,,,86,236,29.7
01916,01916.mp4,0,,,442,592,30.0
01238,01238.mp4,0,,,299,449,30.6
00626,00626.mp4,1,135,89,461,611,30.0
00244,00244.mp4,1,135,100,466,616,31.0
00623,00623.mp4,1,135,120,479,629,30.6
00444,00444.mp4,1,135,50,443,593,30.0
01350,01350.mp4,0,,,214,364,30.0
00393,00393.mp4,1,135,75,465,615,30.0
01843,01843.mp4,0,,,405,555,30.6
01131,01131.mp4,0,,,938,1088,30.0
01494,01494.mp4,0,,,774,924,30.6
00872,00872.mp4,1,135,107,449,599,30.0
00443,00443.mp4,1,135,72,454,604,31.0
00000,00000.mp4,1,135,88,465,615,28.9
00349,00349.mp4,1,135,74,482,632,30.6
00466,00466.mp4,1,135,92,436,586,30.0
00283,00283.mp4,1,135,101,162,312,30.0
01771,01771.mp4,0,,,740,890,30.0
00449,00449.mp4,1,135,107,469,619,29.4
00517,00517.mp4,1,135,84,257,407,30.5
00740,00740.mp4,1,135,54,502,652,30.0
00640,00640.mp4,1,135,50,490,640,30.6
00911,00911.mp4,1,135,108,421,571,29.1
01501,01501.mp4,0,,,309,459,30.0
01507,01507.mp4,0,,,53,203,30.0
02092,02092.mp4,0,,,999,1149,30.0
01673,01673.mp4,0,,,303,453,30.0
00522,00522.mp4,1,135,34,472,622,30.6
01822,01822.mp4,0,,,831,981,30.0
00958,00958.mp4,1,135,91,436,586,29.9
01966,01966.mp4,0,,,326,476,30.0
00747,00747.mp4,1,135,79,455,605,30.0
01079,01079.mp4,0,,,348,498,30.0
00252,00252.mp4,1,135,87,433,583,30.0
00366,00366.mp4,1,135,59,464,614,30.0
00177,00177.mp4,1,135,117,455,605,30.0
00361,00361.mp4,1,135,89,470,620,30.5
01491,01491.mp4,0,,,866,1016,29.9
00060,00060.mp4,1,135,56,473,623,30.6
00407,00407.mp4,1,135,78,487,637,30.0
00966,00966.mp4,1,135,29,441,591,29.2
01584,01584.mp4,0,,,1014,1164,30.0
01384,01384.mp4,0,,,695,845,30.0
01921,01921.mp4,0,,,939,1089,29.6
00567,00567.mp4,1,135,100,422,572,30.4
00737,00737.mp4,1,135,110,480,630,30.0
01269,01269.mp4,0,,,660,810,30.6
00228,00228.mp4,1,135,102,480,630,30.6
01463,01463.mp4,0,,,1020,1170,30.0
01772,01772.mp4,0,,,1021,1171,30.5
02102,02102.mp4,0,,,413,563,30.0
01489,01489.mp4,0,,,1111,1261,30.0
01109,01109.mp4,0,,,448,598,30.0
00573,00573.mp4,1,135,80,169,319,30.0
01293,01293.mp4,0,,,19,169,29.9
01661,01661.mp4,0,,,696,846,29.9
00895,00895.mp4,1,135,83,495,645,30.6
00774,00774.mp4,1,135,105,477,627,30.0
01229,01229.mp4,0,,,651,801,30.0
00678,00678.mp4,1,135,58,170,320,30.0
00824,00824.mp4,1,135,62,479,629,29.9
00345,00345.mp4,1,135,89,449,599,30.0
01695,01695.mp4,0,,,659,809,29.9
01508,01508.mp4,0,,,72,222,30.6
00818,00818.mp4,1,135,97,439,589,30.0
01639,01639.mp4,0,,,268,418,30.0
00866,00866.mp4,1,135,58,488,638,30.0
00788,00788.mp4,1,135,100,463,613,30.6
01894,01894.mp4,0,,,303,453,30.5
01060,01060.mp4,0,,,526,676,29.9
01680,01680.mp4,0,,,319,469,30.0
00556,00556.mp4,1,135,79,490,640,29.9
01476,01476.mp4,0,,,776,926,30.0
01590,01590.mp4,0,,,596,746,28.9
01470,01470.mp4,0,,,602,752,30.0
01130,01130.mp4,0,,,963,1113,30.6
00875,00875.mp4,1,135,83,505,655,30.4
00317,00317.mp4,1,135,81,85,235,30.0
01232,01232.mp4,0,,,33,183,30.0
00915,00915.mp4,1,135,78,185,335,30.0
01964,01964.mp4,0,,,173,323,30.6
00106,00106.mp4,1,135,99,408,558,30.0
00675,00675.mp4,1,135,114,441,591,30.0
02018,02018.mp4,0,,,1057,1207,30.0
02060,02060.mp4,0,,,80,230,30.6
00714,00714.mp4,1,135,97,447,597,29.9
00392,00392.mp4,1,135,115,430,580,28.1
01922,01922.mp4,0,,,135,285,30.0
01537,01537.mp4,0,,,460,610,30.0
01742,01742.mp4,0,,,267,417,30.6
00846,00846.mp4,1,135,66,453,603,30.6
00527,00527.mp4,1,135,51,483,633,30.0
01747,01747.mp4,0,,,83,233,30.0
00130,00130.mp4,1,135,87,453,603,30.0
01085,01085.mp4,0,,,615,765,30.6
02126,02126.mp4,0,,,31,181,30.6
01066,01066.mp4,0,,,388,538,30.0
00512,00512.mp4,1,135,74,440,590,30.4
00957,00957.mp4,1,135,104,447,597,29.5
02027,02027.mp4,0,,,918,1068,30.0
00836,00836.mp4,1,135,87,434,584,29.9
00329,00329.mp4,1,135,93,442,592,30.0
01227,01227.mp4,0,,,169,319,30.0
01960,01960.mp4,0,,,82,232,30.0
01067,01067.mp4,0,,,304,454,30.6
00906,00906.mp4,1,135,108,433,583,30.0
01360,01360.mp4,0,,,943,1093,30.5
01568,01568.mp4,0,,,760,910,30.0
00805,00805.mp4,1,135,85,457,607,30.6
00453,00453.mp4,1,135,82,482,632,30.6
00926,00926.mp4,1,135,93,489,639,30.0
00692,00692.mp4,1,135,50,490,640,30.6
01348,01348.mp4,0,,,517,667,30.0
01736,01736.mp4,0,,,782,932,30.6
01213,01213.mp4,0,,,271,421,30.0
00125,00125.mp4,1,135,112,494,644,30.5
02132,02132.mp4,0,,,1028,1178,30.0
00097,00097.mp4,1,135,134,459,609,29.8
01078,01078.mp4,0,,,68,218,30.0
00247,00247.mp4,1,135,61,444,594,30.6
00398,00398.mp4,1,135,76,456,606,30.0
01980,01980.mp4,0,,,185,335,30.0
01258,01258.mp4,0,,,1060,1210,30.6
01399,01399.mp4,0,,,156,306,30.0
00655,00655.mp4,1,135,100,522,672,29.6
00018,00018.mp4,1,135,126,485,635,30.0
01844,01844.mp4,0,,,873,1023,30.5
01225,01225.mp4,0,,,386,536,30.0
01704,01704.mp4,0,,,422,572,30.0
00344,00344.mp4,1,135,60,473,623,30.5
01952,01952.mp4,0,,,593,743,30.6
00990,00990.mp4,1,135,110,472,622,30.6
01482,01482.mp4,0,,,855,1005,30.0
00917,00917.mp4,1,135,29,515,665,30.0
01991,01991.mp4,0,,,987,1137,29.9
00568,00568.mp4,1,135,98,453,603,30.0
01780,01780.mp4,0,,,795,945,30.6
01355,01355.mp4,0,,,478,628,30.0
00311,00311.mp4,1,135,7,438,588,30.6
00739,00739.mp4,1,135,59,456,606,30.6
01845,01845.mp4,0,,,41,191,30.0
01707,01707.mp4,0,,,0,150,30.0
00039,00039.mp4,1,135,91,437,587,30.0
01949,01949.mp4,0,,,372,522,30.5
02119,02119.mp4,0,,,619,769,30.0
00865,00865.mp4,1,135,120,440,590,30.0
00427,00427.mp4,1,135,95,427,577,30.3
01446,01446.mp4,0,,,521,671,29.9
01379,01379.mp4,0,,,681,831,30.0
01210,01210.mp4,0,,,33,183,30.0
01002,01002.mp4,1,135,105,445,595,28.9
01662,01662.mp4,0,,,505,655,30.6
00636,00636.mp4,1,135,84,439,589,30.6
00416,00416.mp4,1,135,108,487,637,30.6
01917,01917.mp4,0,,,134,284,30.0
01492,01492.mp4,0,,,620,770,29.9
01739,01739.mp4,0,,,791,941,24.6
01632,01632.mp4,0,,,835,985,30.0
00539,00539.mp4,1,135,102,461,611,30.6
00809,00809.mp4,1,135,70,467,617,30.0
02080,02080.mp4,0,,,786,936,30.0
01214,01214.mp4,0,,,785,935,30.0
01572,01572.mp4,0,,,31,181,30.0
01421,01421.mp4,0,,,167,317,30.0
00830,00830.mp4,1,135,118,467,617,30.6
01317,01317.mp4,0,,,260,410,29.4
00832,00832.mp4,1,135,105,465,615,30.0
00863,00863.mp4,1,135,67,414,564,28.3
01763,01763.mp4,0,,,489,639,29.9
00483,00483.mp4,1,135,103,458,608,30.0
01433,01433.mp4,0,,,293,443,28.7
01266,01266.mp4,0,,,684,834,30.0
00491,00491.mp4,1,135,98,468,618,30.0
00024,00024.mp4,1,135,106,481,631,30.0
01985,01985.mp4,0,,,113,263,30.0
00363,00363.mp4,1,135,90,450,600,30.6
02053,02053.mp4,0,,,73,223,30.0
00581,00581.mp4,1,135,81,470,620,30.4
02066,02066.mp4,0,,,985,1135,29.9
01773,01773.mp4,0,,,855,1005,30.0
01716,01716.mp4,0,,,288,438,30.0
01860,01860.mp4,0,,,1007,1157,30.0
00606,00606.mp4,1,135,97,450,600,30.0
01785,01785.mp4,0,,,911,1061,29.6
01888,01888.mp4,0,,,167,317,30.0
00789,00789.mp4,1,135,85,488,638,30.6
02059,02059.mp4,0,,,310,460,30.0
00627,00627.mp4,1,135,94,475,625,30.0
01344,01344.mp4,0,,,722,872,30.6
00741,00741.mp4,1,135,105,471,621,30.6
01500,01500.mp4,0,,,842,992,30.5
00495,00495.mp4,1,135,69,442,592,30.0
02085,02085.mp4,0,,,72,222,30.0
02035,02035.mp4,0,,,954,1104,29.8
01623,01623.mp4,0,,,197,347,30.0
00287,00287.mp4,1,135,84,481,631,30.6
01088,01088.mp4,0,,,939,1089,30.0
00458,00458.mp4,1,135,80,437,587,30.0
00526,00526.mp4,1,135,93,445,595,29.8
00713,00713.mp4,1,135,103,152,302,30.0
00859,00859.mp4,1,135,90,474,624,30.6
00089,00089.mp4,1,135,103,474,624,29.9
01240,01240.mp4,0,,,24,174,30.0
00342,00342.mp4,1,135,98,452,602,30.0
00596,00596.mp4,1,135,39,482,632,30.0
00339,00339.mp4,1,135,103,414,564,26.7
01028,01028.mp4,1,135,63,151,301,30.0
01408,01408.mp4,0,,,207,357,30.0
01770,01770.mp4,0,,,964,1114,30.6
00972,00972.mp4,1,135,104,321,471,29.2
01504,01504.mp4,0,,,310,460,29.9
01061,01061.mp4,0,,,10,160,30.0
01270,01270.mp4,0,,,33,183,29.1
01277,01277.mp4,0,,,271,421,30.0
01141,01141.mp4,0,,,663,813,30.0
00700,00700.mp4,1,135,85,461,611,29.9
01748,01748.mp4,0,,,107,257,28.9
01254,01254.mp4,0,,,709,859,30.0
01986,01986.mp4,0,,,199,349,30.0
01548,01548.mp4,0,,,785,935,30.6
00624,00624.mp4,1,135,111,489,639,30.0
02054,02054.mp4,0,,,401,551,30.0
01527,01527.mp4,0,,,795,945,29.7
01357,01357.mp4,0,,,1004,1154,30.0
01690,01690.mp4,0,,,113,263,28.9
00923,00923.mp4,1,135,70,459,609,30.5
02012,02012.mp4,0,,,123,273,30.6
01760,01760.mp4,0,,,956,1106,30.0
01766,01766.mp4,0,,,691,841,29.9
01207,01207.mp4,0,,,333,483,30.0
01435,01435.mp4,0,,,254,404,30.0
01012,01012.mp4,1,135,30,506,656,30.0
00153,00153.mp4,1,135,48,480,630,29.9
01260,01260.mp4,0,,,349,499,30.0
00341,00341.mp4,1,135,61,447,597,29.9
00579,00579.mp4,1,135,99,545,695,29.9
00234,00234.mp4,1,135,37,162,312,30.0
00583,00583.mp4,1,135,76,500,650,30.6
00456,00456.mp4,1,135,101,427,577,30.0
00095,00095.mp4,1,135,114,151,301,30.0
00424,00424.mp4,1,135,77,470,620,30.0
01140,01140.mp4,0,,,606,756,30.0
00041,00041.mp4,1,135,85,470,620,30.0
00988,00988.mp4,1,135,100,164,314,30.0
01134,01134.mp4,0,,,807,957,29.4
00981,00981.mp4,1,135,23,485,635,29.8
01990,01990.mp4,0,,,260,410,30.0
01586,01586.mp4,0,,,793,943,30.0
01666,01666.mp4,0,,,818,968,28.9
01453,01453.mp4,0,,,601,751,30.5
00142,00142.mp4,1,135,92,491,641,29.9
02088,02088.mp4,0,,,248,398,29.8
01332,01332.mp4,0,,,387,537,30.0
01941,01941.mp4,0,,,19,169,30.0
00835,00835.mp4,1,135,100,478,628,30.0
00650,00650.mp4,1,135,7,431,581,30.0
01282,01282.mp4,0,,,802,952,30.6
00276,00276.mp4,1,135,111,451,601,30.0
00849,00849.mp4,1,135,54,489,639,30.0
01694,01694.mp4,0,,,910,1060,30.0
00232,00232.mp4,1,135,84,436,586,30.0
00147,00147.mp4,1,135,100,451,601,30.0
00744,00744.mp4,1,135,119,447,597,30.6
00351,00351.mp4,1,135,62,437,587,30.0
00609,00609.mp4,1,135,98,507,657,30.6
02124,02124.mp4,0,,,760,910,30.0
00403,00403.mp4,1,135,134,415,565,30.0
01875,01875.mp4,0,,,390,540,30.0
00793,00793.mp4,1,135,20,476,626,30.0
01706,01706.mp4,0,,,932,1082,29.9
01170,01170.mp4,0,,,730,880,30.0
00693,00693.mp4,1,135,104,483,633,30.6
01880,01880.mp4,0,,,154,304,30.0
00103,00103.mp4,1,135,103,479,629,30.0
01729,01729.mp4,0,,,45,195,30.0
00129,00129.mp4,1,135,110,482,632,30.0
00275,00275.mp4,1,135,84,170,320,30.0
00633,00633.mp4,1,135,29,515,665,30.0
00172,00172.mp4,1,135,116,418,568,30.0
01795,01795.mp4,0,,,81,231,30.0
02064,02064.mp4,0,,,497,647,29.0
01096,01096.mp4,0,,,523,673,30.5
00571,00571.mp4,1,135,96,488,638,30.6
00027,00027.mp4,1,135,82,452,602,30.0
01380,01380.mp4,0,,,54,204,30.0
01434,01434.mp4,0,,,1065,1215,30.0
01664,01664.mp4,0,,,682,832,28.9
00307,00307.mp4,1,135,98,476,626,30.0
01948,01948.mp4,0,,,442,592,29.8
01288,01288.mp4,0,,,117,267,30.0
01976,01976.mp4,0,,,191,341,30.0
00264,00264.mp4,1,135,64,452,602,30.5
01792,01792.mp4,0,,,1028,1178,30.0
00136,00136.mp4,1,135,54,451,601,30.6
00816,00816.mp4,1,135,103,503,653,30.0
00959,00959.mp4,1,135,86,579,729,30.0
01608,01608.mp4,0,,,357,507,30.0
01503,01503.mp4,0,,,860,1010,30.0
02074,02074.mp4,0,,,1038,1188,30.6
01396,01396.mp4,0,,,625,775,30.0
00047,00047.mp4,1,135,100,452,602,30.0
00551,00551.mp4,1,135,90,474,624,30.0
00549,00549.mp4,1,135,114,447,597,30.0
01645,01645.mp4,0,,,968,1118,30.6
00296,00296.mp4,1,135,107,450,600,30.0
00096,00096.mp4,1,135,115,383,533,25.3
00734,00734.mp4,1,135,10,460,610,30.6
00480,00480.mp4,1,135,83,481,631,30.6
02096,02096.mp4,0,,,232,382,30.2
02045,02045.mp4,0,,,298,448,30.5
00864,00864.mp4,1,135,81,514,664,30.0
00674,00674.mp4,1,135,85,463,613,30.6
00017,00017.mp4,1,135,75,441,591,30.0
01542,01542.mp4,0,,,872,1022,30.0
00935,00935.mp4,1,135,23,440,590,29.3
01319,01319.mp4,0,,,864,1014,30.6
01735,01735.mp4,0,,,172,322,30.0
02136,02136.mp4,0,,,214,364,30.5
00475,00475.mp4,1,135,106,483,633,30.6
01054,01054.mp4,0,,,425,575,29.3
00188,00188.mp4,1,135,118,457,607,29.5
01828,01828.mp4,0,,,128,278,30.0
01417,01417.mp4,0,,,203,353,30.5
00302,00302.mp4,1,135,88,437,587,30.0
00634,00634.mp4,1,135,95,462,612,30.0
02017,02017.mp4,0,,,425,575,29.6
00701,00701.mp4,1,135,109,444,594,30.0
00637,00637.mp4,1,135,99,461,611,30.0
02104,02104.mp4,0,,,79,229,30.0
00758,00758.mp4,1,135,117,470,620,29.9
01510,01510.mp4,0,,,62,212,30.6
01753,01753.mp4,0,,,914,1064,30.6
00163,00163.mp4,1,135,100,446,596,31.0
01630,01630.mp4,0,,,882,1032,30.6
00502,00502.mp4,1,135,25,455,605,30.0
01116,01116.mp4,0,,,854,1004,30.0
00652,00652.mp4,1,135,119,434,584,30.0
00825,00825.mp4,1,135,89,441,591,30.0
02087,02087.mp4,0,,,61,211,30.0
01532,01532.mp4,0,,,1017,1167,30.6
00119,00119.mp4,1,135,97,396,546,30.6
01043,01043.mp4,0,,,664,814,30.0
01643,01643.mp4,0,,,517,667,30.0
01178,01178.mp4,0,,,40,190,30.0
01612,01612.mp4,0,,,721,871,30.0
00303,00303.mp4,1,135,85,479,629,30.0
01182,01182.mp4,0,,,144,294,30.6
01306,01306.mp4,0,,,248,398,30.6
00929,00929.mp4,1,135,62,419,569,30.0
01004,01004.mp4,1,135,43,502,652,29.2
01878,01878.mp4,0,,,183,333,30.0
00288,00288.mp4,1,135,103,444,594,30.6
00065,00065.mp4,1,135,92,435,585,30.0
00782,00782.mp4,1,135,46,169,319,30.0
02051,02051.mp4,0,,,60,210,29.8
00748,00748.mp4,1,135,104,481,631,30.0
01485,01485.mp4,0,,,707,857,30.6
01866,01866.mp4,0,,,712,862,30.6
02062,02062.mp4,0,,,91,241,30.0
00364,00364.mp4,1,135,105,488,638,30.5
01582,01582.mp4,0,,,5,155,30.0
00048,00048.mp4,1,135,124,161,311,30.0
01315,01315.mp4,0,,,850,1000,30.0
00210,00210.mp4,1,135,115,456,606,30.0
00321,00321.mp4,1,135,99,437,587,30.0
00426,00426.mp4,1,135,117,477,627,30.6
01702,01702.mp4,0,,,997,1147,30.0
01550,01550.mp4,0,,,472,622,30.0
01128,01128.mp4,0,,,749,899,30.6
00553,00553.mp4,1,135,114,510,660,30.6
00916,00916.mp4,1,135,56,458,608,30.6
00478,00478.mp4,1,135,112,436,586,30.6
00944,00944.mp4,1,135,93,174,324,30.0
01903,01903.mp4,0,,,72,222,29.3
00327,00327.mp4,1,135,81,428,578,30.6
00187,00187.mp4,1,135,134,489,639,30.6
01333,01333.mp4,0,,,293,443,30.0
00534,00534.mp4,1,135,76,464,614,30.5
00686,00686.mp4,1,135,104,452,602,30.0
00256,00256.mp4,1,135,108,440,590,30.0
01621,01621.mp4,0,,,425,575,30.0
00452,00452.mp4,1,135,92,459,609,30.0
00867,00867.mp4,1,135,101,465,615,30.0
01285,01285.mp4,0,,,6,156,30.6
02135,02135.mp4,0,,,419,569,30.0
02024,02024.mp4,0,,,252,402,30.6
01935,01935.mp4,0,,,14,164,30.0
00554,00554.mp4,1,135,77,483,633,30.6
02044,02044.mp4,0,,,150,300,30.0
00093,00093.mp4,1,135,63,163,313,30.0
01934,01934.mp4,0,,,755,905,30.6
01625,01625.mp4,0,,,353,503,30.0
00860,00860.mp4,1,135,119,478,628,30.0
01882,01882.mp4,0,,,50,200,30.6
00798,00798.mp4,1,135,78,487,637,30.6
02034,02034.mp4,0,,,476,626,30.0
01146,01146.mp4,0,,,290,440,30.0
00971,00971.mp4,1,135,65,481,631,30.0
01473,01473.mp4,0,,,382,532,29.5
01545,01545.mp4,0,,,929,1079,30.0
01295,01295.mp4,0,,,230,380,30.6
01020,01020.mp4,1,135,122,400,550,30.6
00222,00222.mp4,1,135,92,466,616,30.0
00766,00766.mp4,1,135,78,476,626,30.0
00259,00259.mp4,1,135,106,460,610,30.6
01456,01456.mp4,0,,,244,394,30.0
00660,00660.mp4,1,135,93,460,610,29.8
00687,00687.mp4,1,135,76,446,596,30.6
01967,01967.mp4,0,,,705,855,30.0
00414,00414.mp4,1,135,102,173,323,30.0
00725,00725.mp4,1,135,99,460,610,30.0
00360,00360.mp4,1,135,132,463,613,30.0
00803,00803.mp4,1,135,55,182,332,30.0
00942,00942.mp4,1,135,110,455,605,30.0
00233,00233.mp4,1,135,97,448,598,30.0
02099,02099.mp4,0,,,528,678,30.0
00285,00285.mp4,1,135,89,487,637,30.6
01598,01598.mp4,0,,,266,416,29.8
01354,01354.mp4,0,,,28,178,30.0
01933,01933.mp4,0,,,426,576,29.8
01118,01118.mp4,0,,,185,335,30.0
00839,00839.mp4,1,135,104,468,618,29.9
00698,00698.mp4,1,135,95,488,638,30.0
01262,01262.mp4,0,,,686,836,30.0
01194,01194.mp4,0,,,969,1119,29.4
01835,01835.mp4,0,,,983,1133,30.0
00905,00905.mp4,1,135,81,185,335,30.0
00464,00464.mp4,1,135,107,457,607,30.0
00787,00787.mp4,1,135,90,492,642,30.0
00497,00497.mp4,1,135,95,422,572,30.0
00485,00485.mp4,1,135,69,441,591,30.0
01411,01411.mp4,0,,,599,749,29.9
00358,00358.mp4,1,135,41,442,592,30.0
00792,00792.mp4,1,135,70,478,628,30.0
00653,00653.mp4,1,135,75,491,641,29.3
01968,01968.mp4,0,,,151,301,30.0
01929,01929.mp4,0,,,566,716,29.3
00566,00566.mp4,1,135,97,512,662,29.9
00996,00996.mp4,1,135,64,475,625,30.0
00912,00912.mp4,1,135,102,466,616,30.6
01879,01879.mp4,0,,,669,819,30.5
00290,00290.mp4,1,135,108,426,576,30.6
00169,00169.mp4,1,135,99,482,632,31.0
00817,00817.mp4,1,135,89,494,644,30.6
01362,01362.mp4,0,,,376,526,27.1
01142,01142.mp4,0,,,165,315,30.0
00028,00028.mp4,1,135,68,475,625,30.6
01382,01382.mp4,0,,,52,202,30.0
01920,01920.mp4,0,,,630,780,29.4
00647,00647.mp4,1,135,106,450,600,30.0
00521,00521.mp4,1,135,85,464,614,28.9
01585,01585.mp4,0,,,160,310,29.4
00979,00979.mp4,1,135,74,471,621,30.6
00850,00850.mp4,1,135,67,502,652,30.0
00712,00712.mp4,1,135,97,484,634,30.0
01034,01034.mp4,1,135,100,413,563,30.0
00982,00982.mp4,1,135,101,464,614,30.6
00952,00952.mp4,1,135,110,458,608,30.5
00054,00054.mp4,1,135,89,444,594,30.0
01955,01955.mp4,0,,,771,921,30.5
00003,00003.mp4,1,135,65,442,592,30.0
01271,01271.mp4,0,,,300,450,30.0
00953,00953.mp4,1,135,121,482,632,30.6
01663,01663.mp4,0,,,256,406,30.0
00008,00008.mp4,1,135,134,443,593,30.0
01554,01554.mp4,0,,,114,264,30.0
01834,01834.mp4,0,,,646,796,30.0
00964,00964.mp4,1,135,94,479,629,30.0
01497,01497.mp4,0,,,1041,1191,29.9
01936,01936.mp4,0,,,124,274,30.0
00663,00663.mp4,1,135,106,435,585,30.5
00542,00542.mp4,1,135,51,461,611,30.6
01691,01691.mp4,0,,,121,271,30.0
00804,00804.mp4,1,135,129,427,577,30.0
01581,01581.mp4,0,,,376,526,30.0
01095,01095.mp4,0,,,298,448,30.0
01511,01511.mp4,0,,,381,531,30.0
02037,02037.mp4,0,,,214,364,30.0
01995,01995.mp4,0,,,94,244,30.0
01534,01534.mp4,0,,,270,420,30.5
00696,00696.mp4,1,135,45,483,633,30.6
01559,01559.mp4,0,,,42,192,30.5
00794,00794.mp4,1,135,96,505,655,30.6
00328,00328.mp4,1,135,112,465,615,31.0
01846,01846.mp4,0,,,806,956,30.6
01089,01089.mp4,0,,,79,229,28.7
01825,01825.mp4,0,,,149,299,30.0
01732,01732.mp4,0,,,270,420,30.0
02120,02120.mp4,0,,,860,1010,29.9
01048,01048.mp4,0,,,613,763,30.5
01899,01899.mp4,0,,,853,1003,30.6
01252,01252.mp4,0,,,291,441,30.0
01173,01173.mp4,0,,,864,1014,30.0
01401,01401.mp4,0,,,610,760,30.6
01454,01454.mp4,0,,,726,876,30.0
01283,01283.mp4,0,,,173,323,30.0
00433,00433.mp4,1,135,50,519,669,30.0
00625,00625.mp4,1,135,94,455,605,30.3
01157,01157.mp4,0,,,508,658,30.0
01499,01499.mp4,0,,,910,1060,30.0
01711,01711.mp4,0,,,756,906,29.9
01925,01925.mp4,0,,,118,268,30.0
00757,00757.mp4,1,135,61,464,614,30.0
00560,00560.mp4,1,135,124,429,579,29.2
01196,01196.mp4,0,,,770,920,30.0
00574,00574.mp4,1,135,64,464,614,30.6
01365,01365.mp4,0,,,836,986,30.5
00081,00081.mp4,1,135,131,425,575,30.0
01646,01646.mp4,0,,,17,167,30.6
01571,01571.mp4,0,,,854,1004,30.5
01734,01734.mp4,0,,,372,522,30.0
00914,00914.mp4,1,135,90,487,637,30.6
00750,00750.mp4,1,135,88,481,631,29.3
01821,01821.mp4,0,,,164,314,30.0
01046,01046.mp4,0,,,903,1053,30.5
01248,01248.mp4,0,,,417,567,30.6
01062,01062.mp4,0,,,761,911,30.0
00753,00753.mp4,1,135,82,498,648,30.0
00613,00613.mp4,1,135,90,166,316,30.0
00383,00383.mp4,1,91,59,0,150,30.0
00481,00481.mp4,1,135,116,441,591,30.0
01366,01366.mp4,0,,,150,300,30.0
01175,01175.mp4,0,,,964,1114,29.9
00415,00415.mp4,1,135,94,475,625,30.0
00840,00840.mp4,1,135,106,436,586,30.0
01552,01552.mp4,0,,,186,336,30.0
00585,00585.mp4,1,135,114,438,588,30.0
00114,00114.mp4,1,135,86,465,615,30.0
00930,00930.mp4,1,135,68,468,618,30.0
00162,00162.mp4,1,135,134,464,614,30.0
01177,01177.mp4,0,,,379,529,30.6
02129,02129.mp4,0,,,222,372,30.0
01961,01961.mp4,0,,,567,717,30.0
01885,01885.mp4,0,,,229,379,30.0
01301,01301.mp4,0,,,285,435,30.0
01789,01789.mp4,0,,,315,465,30.0
01786,01786.mp4,0,,,913,1063,30.5
01228,01228.mp4,0,,,816,966,30.4
01431,01431.mp4,0,,,379,529,30.0
01709,01709.mp4,0,,,863,1013,30.0
00592,00592.mp4,1,135,109,471,621,30.0
01685,01685.mp4,0,,,884,1034,30.0
00780,00780.mp4,1,135,43,464,614,30.0
01580,01580.mp4,0,,,357,507,30.5
00200,00200.mp4,1,135,77,450,600,30.6
01931,01931.mp4,0,,,253,403,29.9
00356,00356.mp4,1,135,99,171,321,30.0
01959,01959.mp4,0,,,928,1078,30.0
00362,00362.mp4,1,135,79,171,321,30.0
01318,01318.mp4,0,,,174,324,30.0
01827,01827.mp4,0,,,959,1109,29.1
00874,00874.mp4,1,135,82,488,638,30.5
00174,00174.mp4,1,135,105,465,615,30.0
00239,00239.mp4,1,135,121,100,250,30.0
01852,01852.mp4,0,,,291,441,30.0
00659,00659.mp4,1,135,106,226,376,30.6
01519,01519.mp4,0,,,727,877,30.5
01094,01094.mp4,0,,,473,623,29.9
01712,01712.mp4,0,,,646,796,28.6
01338,01338.mp4,0,,,177,327,30.0
01614,01614.mp4,0,,,989,1139,30.0
02061,02061.mp4,0,,,417,567,30.0
01464,01464.mp4,0,,,603,753,30.0
00945,00945.mp4,1,135,109,416,566,29.4
01237,01237.mp4,0,,,3,153,30.0
00213,00213.mp4,1,135,54,425,575,29.9
00888,00888.mp4,1,135,101,161,311,30.0
02032,02032.mp4,0,,,919,1069,30.6
02117,02117.mp4,0,,,946,1096,30.6
01221,01221.mp4,0,,,3,153,30.0
01127,01127.mp4,0,,,447,597,30.6
01864,01864.mp4,0,,,305,455,29.0
01838,01838.mp4,0,,,234,384,30.0
01387,01387.mp4,0,,,616,766,30.6
02090,02090.mp4,0,,,319,469,30.5
01998,01998.mp4,0,,,217,367,30.0
01466,01466.mp4,0,,,965,1115,30.0
00353,00353.mp4,1,135,127,461,611,30.0
01008,01008.mp4,1,135,58,216,366,30.0
01462,01462.mp4,0,,,189,339,30.0
00879,00879.mp4,1,135,44,463,613,30.0
01813,01813.mp4,0,,,347,497,30.0
01809,01809.mp4,0,,,1019,1169,29.9
01620,01620.mp4,0,,,475,625,30.6
00207,00207.mp4,1,135,46,417,567,30.0
00842,00842.mp4,1,135,93,474,624,30.4
00973,00973.mp4,1,135,36,241,391,30.0
02022,02022.mp4,0,,,830,980,30.6
01635,01635.mp4,0,,,143,293,30.0
00954,00954.mp4,1,135,66,445,595,30.0
00733,00733.mp4,1,135,21,330,480,30.6
01436,01436.mp4,0,,,323,473,30.0
01569,01569.mp4,0,,,44,194,30.0
00597,00597.mp4,1,135,86,169,319,30.0
01478,01478.mp4,0,,,247,397,29.9
02128,02128.mp4,0,,,553,703,30.6
00896,00896.mp4,1,135,96,453,603,30.0
01498,01498.mp4,0,,,83,233,30.5
00684,00684.mp4,1,135,106,410,560,29.7
01618,01618.mp4,0,,,0,150,30.0
00544,00544.mp4,1,135,102,507,657,29.9
00883,00883.mp4,1,135,67,184,334,30.0
01445,01445.mp4,0,,,525,675,30.5
01442,01442.mp4,0,,,815,965,29.9
01460,01460.mp4,0,,,811,961,30.5
00170,00170.mp4,1,135,101,499,649,30.0
01145,01145.mp4,0,,,910,1060,30.6
00648,00648.mp4,1,135,36,469,619,30.0
01080,01080.mp4,0,,,104,254,29.6
01156,01156.mp4,0,,,764,914,29.0
01796,01796.mp4,0,,,517,667,30.6
01340,01340.mp4,0,,,724,874,30.0
01220,01220.mp4,0,,,290,440,29.2
01540,01540.mp4,0,,,401,551,30.6
00710,00710.mp4,1,135,64,474,624,30.6
01452,01452.mp4,0,,,174,324,30.0
01137,01137.mp4,0,,,36,186,29.9
01209,01209.mp4,0,,,36,186,30.0
00505,00505.mp4,1,135,113,396,546,30.0
01257,01257.mp4,0,,,134,284,30.0
01189,01189.mp4,0,,,625,775,30.0
01779,01779.mp4,0,,,1092,1242,30.0
00989,00989.mp4,1,135,63,492,642,30.0
01883,01883.mp4,0,,,174,324,30.0
01296,01296.mp4,0,,,121,271,30.0
01459,01459.mp4,0,,,510,660,30.6
01628,01628.mp4,0,,,390,540,30.0
00610,00610.mp4,1,135,56,495,645,29.9
01727,01727.mp4,0,,,334,484,30.0
01593,01593.mp4,0,,,34,184,30.0
01449,01449.mp4,0,,,849,999,30.6
01217,01217.mp4,0,,,148,298,30.0
01682,01682.mp4,0,,,144,294,30.0
01720,01720.mp4,0,,,275,425,30.0
01589,01589.mp4,0,,,430,580,29.1
01490,01490.mp4,0,,,215,365,29.8
01923,01923.mp4,0,,,841,991,30.3
02106,02106.mp4,0,,,826,976,30.0
01111,01111.mp4,0,,,570,720,29.9
00382,00382.mp4,1,135,105,431,581,31.0
01155,01155.mp4,0,,,598,748,30.6
00501,00501.mp4,1,135,67,486,636,30.6
01284,01284.mp4,0,,,905,1055,30.0
01440,01440.mp4,0,,,190,340,30.0
01302,01302.mp4,0,,,290,440,30.0
01402,01402.mp4,0,,,282,432,30.0
00074,00074.mp4,1,135,97,472,622,30.0
01946,01946.mp4,0,,,321,471,30.0
02050,02050.mp4,0,,,63,213,30.0
01192,01192.mp4,0,,,246,396,30.5
01153,01153.mp4,0,,,781,931,30.0
01652,01652.mp4,0,,,821,971,30.0
01543,01543.mp4,0,,,958,1108,30.0
01307,01307.mp4,0,,,285,435,30.6
01309,01309.mp4,0,,,1146,1296,29.8
01369,01369.mp4,0,,,612,762,29.2
01535,01535.mp4,0,,,725,875,30.0
01799,01799.mp4,0,,,968,1118,29.9
01592,01592.mp4,0,,,850,1000,30.0
01514,01514.mp4,0,,,446,596,30.5
01334,01334.mp4,0,,,976,1126,30.0
02137,02137.mp4,0,,,1001,1151,30.6
01918,01918.mp4,0,,,1027,1177,30.0
00236,00236.mp4,1,135,114,153,303,30.0
02048,02048.mp4,0,,,651,801,30.0
01133,01133.mp4,0,,,504,654,30.0
01597,01597.mp4,0,,,123,273,30.0
01040,01040.mp4,0,,,909,1059,30.0
01356,01356.mp4,0,,,614,764,30.0
00510,00510.mp4,1,135,101,424,574,30.0
01872,01872.mp4,0,,,146,296,30.0
01891,01891.mp4,0,,,1014,1164,30.0
01346,01346.mp4,0,,,107,257,30.0
01989,01989.mp4,0,,,441,591,29.9
01862,01862.mp4,0,,,52,202,30.0
01992,01992.mp4,0,,,727,877,29.9
00086,00086.mp4,1,135,30,447,597,30.0
01622,01622.mp4,0,,,965,1115,30.0
02029,02029.mp4,0,,,800,950,30.6
01320,01320.mp4,0,,,20,170,30.5
00326,00326.mp4,1,135,127,455,605,30.0
00266,00266.mp4,1,135,83,485,635,30.0
00463,00463.mp4,1,135,102,478,628,30.0
00218,00218.mp4,1,135,123,455,605,30.0
00389,00389.mp4,1,135,126,396,546,30.0
00420,00420.mp4,1,135,134,473,623,30.6
00332,00332.mp4,1,135,120,40,190,30.0
00157,00157.mp4,1,135,83,455,605,30.6
00076,00076.mp4,1,135,72,462,612,30.0
00550,00550.mp4,1,135,95,468,618,30.0
00394,00394.mp4,1,135,91,470,620,31.0
00199,00199.mp4,1,135,90,142,292,30.0
00025,00025.mp4,1,135,88,466,616,30.0
00422,00422.mp4,1,135,90,478,628,30.6
00309,00309.mp4,1,135,111,442,592,30.0
00271,00271.mp4,1,135,92,1354,1504,30.0
00272,00272.mp4,1,135,85,491,641,30.5
00062,00062.mp4,1,135,103,431,581,30.0
00537,00537.mp4,1,135,113,490,640,30.6
00253,00253.mp4,1,135,94,550,700,30.6
00250,00250.mp4,1,135,90,140,290,30.0
00397,00397.mp4,1,135,97,451,601,30.0
00127,00127.mp4,1,135,83,419,569,30.6
00530,00530.mp4,1,135,118,155,305,30.0
00007,00007.mp4,1,135,84,501,651,30.0
00273,00273.mp4,1,135,101,481,631,30.0
00183,00183.mp4,1,135,85,449,599,30.0
00265,00265.mp4,1,135,64,478,628,30.0
00428,00428.mp4,1,135,93,371,521,30.0
00474,00474.mp4,1,135,85,462,612,30.0
00118,00118.mp4,1,135,107,475,625,30.0
00406,00406.mp4,1,135,106,150,300,30.0
00121,00121.mp4,1,135,118,444,594,30.0
00192,00192.mp4,1,135,77,450,600,30.0
00486,00486.mp4,1,135,85,152,302,30.0
00454,00454.mp4,1,135,69,439,589,30.0
00104,00104.mp4,1,135,116,488,638,30.0
00043,00043.mp4,1,135,123,143,293,30.0
00055,00055.mp4,1,135,95,439,589,30.0
00112,00112.mp4,1,135,89,434,584,30.0
00413,00413.mp4,1,135,77,466,616,30.0
00242,00242.mp4,1,135,101,482,632,30.0
00541,00541.mp4,1,135,104,468,618,30.0
00325,00325.mp4,1,135,101,448,598,30.0
00479,00479.mp4,1,135,109,480,630,30.0
00472,00472.mp4,1,135,109,455,605,30.0
00523,00523.mp4,1,135,70,474,624,30.0
00227,00227.mp4,1,135,96,467,617,30.0
00154,00154.mp4,1,135,46,475,625,30.0
00447,00447.mp4,1,135,97,171,321,30.0
00500,00500.mp4,1,135,96,463,613,30.0
00519,00519.mp4,1,135,119,452,602,30.0
00262,00262.mp4,1,135,16,402,552,30.0
00391,00391.mp4,1,135,117,461,611,30.0
00533,00533.mp4,1,135,60,458,608,30.0
